[
  {
    "id": "dept_1766209208489_154",
    "name": "中科深蓝汇泽新能源（常州）有限公司",
    "parentId": null,
    "managerId": null,
    "level": 1,
    "createdAt": "2025-12-29T03:50:08.721Z",
    "updatedAt": "2025-12-29T03:50:08.721Z"
  },
  {
    "id": "dept_1766209433330_692",
    "name": "经营层",
    "parentId": "dept_1766209208489_154",
    "managerId": "69973043",
    "level": 2,
    "createdAt": "2025-12-29T03:50:08.729Z",
    "updatedAt": "2025-12-29T03:50:08.729Z"
  },
  {
    "id": "dept_1766209208509_452",
    "name": "生产运营部",
    "parentId": "dept_1766209208489_154",
    "managerId": "81316158",
    "level": 2,
    "createdAt": "2025-12-29T03:50:08.738Z",
    "updatedAt": "2025-12-29T03:50:08.738Z"
  },
  {
    "id": "dept_1766209208589_723",
    "name": "综合管理中心",
    "parentId": "dept_1766209208489_154",
    "managerId": "85381206",
    "level": 2,
    "createdAt": "2025-12-29T03:50:08.744Z",
    "updatedAt": "2025-12-29T03:50:08.744Z"
  },
  {
    "id": "dept_1766209208526_55",
    "name": "战略规划部",
    "parentId": "dept_1766209208489_154",
    "managerId": "34734637",
    "level": 2,
    "createdAt": "2025-12-29T03:50:08.755Z",
    "updatedAt": "2025-12-29T03:50:08.755Z"
  },
  {
    "id": "dept_1766209208541_70",
    "name": "财务与审计部",
    "parentId": "dept_1766209208489_154",
    "managerId": "89606712",
    "level": 2,
    "createdAt": "2025-12-29T03:50:08.760Z",
    "updatedAt": "2025-12-29T03:50:08.760Z"
  },
  {
    "id": "dept_1766209208556_982",
    "name": "市场商务部",
    "parentId": "dept_1766209208489_154",
    "managerId": "97659703",
    "level": 2,
    "createdAt": "2025-12-29T03:50:08.767Z",
    "updatedAt": "2025-12-29T03:50:08.767Z"
  },
  {
    "id": "dept_1766209208572_205",
    "name": "研发部",
    "parentId": "dept_1766209208489_154",
    "managerId": "83478577",
    "level": 2,
    "createdAt": "2025-12-29T03:50:08.773Z",
    "updatedAt": "2025-12-29T03:50:08.773Z"
  },
  {
    "id": "dept_1766209208606_978",
    "name": "供应链管理部",
    "parentId": "dept_1766209208489_154",
    "managerId": "38572070",
    "level": 2,
    "createdAt": "2025-12-29T03:50:08.777Z",
    "updatedAt": "2025-12-29T03:50:08.777Z"
  },
  {
    "id": "dept_1766209208627_364",
    "name": "质量品质部",
    "parentId": "dept_1766209208489_154",
    "managerId": "84372067",
    "level": 2,
    "createdAt": "2025-12-29T03:50:08.786Z",
    "updatedAt": "2025-12-29T03:50:08.786Z"
  },
  {
    "id": "dept_1766209208649_389",
    "name": "电极生产运营部",
    "parentId": "dept_1766209208509_452",
    "managerId": "54583853",
    "level": 3,
    "createdAt": "2025-12-29T03:50:08.792Z",
    "updatedAt": "2025-12-29T03:50:08.792Z"
  },
  {
    "id": "dept_1766209208669_636",
    "name": "电芯生产运营部",
    "parentId": "dept_1766209208509_452",
    "managerId": "83988980",
    "level": 3,
    "createdAt": "2025-12-29T03:50:08.799Z",
    "updatedAt": "2025-12-29T03:50:08.799Z"
  },
  {
    "id": "dept_1766209208687_512",
    "name": "EHS与消防部",
    "parentId": "dept_1766209208589_723",
    "managerId": "33641446",
    "level": 3,
    "createdAt": "2025-12-29T03:50:08.805Z",
    "updatedAt": "2025-12-29T03:50:08.805Z"
  },
  {
    "id": "dept_1766209208718_530",
    "name": "厂务部",
    "parentId": "dept_1766209208589_723",
    "managerId": "51063273",
    "level": 3,
    "createdAt": "2025-12-29T03:50:08.810Z",
    "updatedAt": "2025-12-29T03:50:08.810Z"
  },
  {
    "id": "dept_1766209208767_641",
    "name": "IT运维部",
    "parentId": "dept_1766209208589_723",
    "managerId": "49693537",
    "level": 3,
    "createdAt": "2025-12-29T03:50:08.816Z",
    "updatedAt": "2025-12-29T03:50:08.816Z"
  },
  {
    "id": "dept_1766209208781_635",
    "name": "人事与行政部",
    "parentId": "dept_1766209208589_723",
    "managerId": "37133843",
    "level": 3,
    "createdAt": "2025-12-29T03:50:08.822Z",
    "updatedAt": "2025-12-29T03:50:08.822Z"
  },
  {
    "id": "dept_1766713477533_583",
    "name": "电极生产",
    "parentId": "dept_1766209208649_389",
    "managerId": "74224522",
    "level": 4,
    "createdAt": "2025-12-29T03:50:08.827Z",
    "updatedAt": "2025-12-29T03:50:08.827Z"
  },
  {
    "id": "dept_1766713548516_830",
    "name": "电极设备",
    "parentId": "dept_1766209208649_389",
    "managerId": "57754037",
    "level": 4,
    "createdAt": "2025-12-29T03:50:08.833Z",
    "updatedAt": "2025-12-29T03:50:08.833Z"
  }
]